<?xml version="1.0" encoding="UTF-8"?>
<project-private xmlns="http://www.netbeans.org/ns/project-private/1">
    <editor-bookmarks xmlns="http://www.netbeans.org/ns/editor-bookmarks/2" lastBookmarkId="0"/>
    <open-files xmlns="http://www.netbeans.org/ns/projectui-open-files/2">
        <group>
            <file>file:/Users/valeriamejia/Documents/pizza/pizzaMaker/src/java/com/pizzaMaker/logic/Kitchen.java</file>
            <file>file:/Users/valeriamejia/Documents/pizza/pizzaMaker/src/java/com/pizzaMaker/model/pizza/Corn.java</file>
            <file>file:/Users/valeriamejia/Documents/pizza/pizzaMaker/src/java/com/pizzaMaker/model/pizza/Pizza.java</file>
            <file>file:/Users/valeriamejia/Documents/pizza/pizzaMaker/src/java/com/pizzaMaker/model/pizza/Topping.java</file>
            <file>file:/Users/valeriamejia/Documents/pizza/pizzaMaker/src/java/com/pizzaMaker/model/pizza/Asparagus.java</file>
            <file>file:/Users/valeriamejia/Documents/pizza/pizzaMaker/src/java/com/pizzaMaker/model/pizza/Bacon.java</file>
            <file>file:/Users/valeriamejia/Documents/pizza/pizzaMaker/src/java/com/pizzaMaker/model/pizza/Pineapple.java</file>
            <file>file:/Users/valeriamejia/Documents/pizza/pizzaMaker/src/java/com/pizzaMaker/logic/BrazilianPizza.java</file>
        </group>
    </open-files>
</project-private>
